{
  "generator-jhipster": {
    "jhipsterVersion": "3.8.0",
    "baseName": "278Midterm_JHipster",
    "packageName": "org.jhipster.com",
    "packageFolder": "org/jhipster/com",
    "serverPort": "8080",
    "authenticationType": "session",
    "hibernateCache": "ehcache",
    "clusteredHttpSession": false,
    "websocket": false,
    "databaseType": "sql",
    "devDatabaseType": "h2Disk",
    "prodDatabaseType": "mysql",
    "searchEngine": false,
    "messageBroker": false,
    "buildTool": "gradle",
    "enableSocialSignIn": false,
    "rememberMeKey": "c7f56f9a19cd997318589ace91cba1706be4f96c",
    "useSass": false,
    "applicationType": "monolith",
    "testFrameworks": [],
    "jhiPrefix": "jhi",
    "enableTranslation": false
  }
}