<?xml version="1.0" encoding="UTF-8"?>
<ehcache xmlns:xsi="http://www.w3.org/2001/XMLSchema-instance"
         xsi:noNamespaceSchemaLocation="http://ehcache.org/ehcache.xsd"
         name="CM1"
         updateCheck="false"
         maxBytesLocalHeap="16M">

    <!--
      This is a default configuration, it is re-configured by the CacheConfiguration Spring Bean, using the
      properties from the resources/config/*.yml files.
    -->

    <diskStore path="java.io.tmpdir"/>

    <defaultCache
            eternal="false"
            overflowToDisk="false"
            />

    <cache name="org.jhipster.com.domain.User"
           timeToLiveSeconds="3600">
    </cache>

    <cache name="org.jhipster.com.domain.Authority"
           timeToLiveSeconds="3600">
    </cache>

    <cache name="org.jhipster.com.domain.User.authorities"
           timeToLiveSeconds="3600">
    </cache>

    <cache name="org.jhipster.com.domain.PersistentToken"
           timeToLiveSeconds="3600">
    </cache>

    <cache name="org.jhipster.com.domain.User.persistentTokens"
           timeToLiveSeconds="3600">
    </cache>
    
    <cache name="org.jhipster.com.domain.Homework"
                               timeToLiveSeconds="3600">
                        </cache>
                        
    <cache name="org.jhipster.com.domain.Submission"
                               timeToLiveSeconds="3600">
                        </cache>
                        
    <cache name="org.jhipster.com.domain.Instructor"
                               timeToLiveSeconds="3600">
                        </cache>
                        
    <cache name="org.jhipster.com.domain.Student"
                               timeToLiveSeconds="3600">
                        </cache>
                        
    <cache name="org.jhipster.com.domain.Student.submissions"
                               timeToLiveSeconds="3600">
                        </cache>
                        
    <cache name="org.jhipster.com.domain.Grade"
                               timeToLiveSeconds="3600">
                        </cache>
                        
    <!-- jhipster-needle-ehcache-add-entry -->
</ehcache>
